,user_id,food_id,rating
0,1,239,4
1,2,6,4
2,3,60,9
3,4,2,6
4,5,194,9
5,6,195,8
6,7,195,6
7,8,154,5
8,9,370,1
9,10,194,2
10,11,175,2
11,12,194,4
12,13,99,5
13,14,283,10
14,15,93,8
15,16,290,4
16,17,167,4
17,18,175,10
18,19,99,8
19,20,52,4
20,21,239,1
21,22,93,4
22,23,52,3
23,24,275,10
24,25,229,3
25,26,77,3
26,27,239,4
27,28,282,2
28,29,46,2
29,30,47,6
30,31,6,4
31,32,22,4
32,33,239,9
33,34,268,2
34,35,105,6
35,36,161,3
36,37,157,6
37,38,287,8
38,39,365,4
39,40,175,10
40,41,215,8
41,42,184,10
42,43,200,4
43,44,93,3
44,45,99,5
45,46,41,10
46,47,368,3
47,48,46,9
48,49,290,10
49,50,46,10
50,51,364,5
51,52,368,6
52,53,243,1
53,54,75,2
54,55,249,5
55,56,6,9
56,57,194,7
57,58,75,8
58,59,104,3
59,60,239,2
60,61,112,6
61,62,77,2
62,63,200,5
63,64,47,4
64,65,268,9
65,66,287,2
66,67,293,3
67,68,389,4
68,69,47,8
69,70,175,6
70,71,368,10
71,72,110,1
72,73,290,1
73,74,175,4
74,75,47,5
75,76,249,6
76,77,91,3
77,78,41,5
78,79,75,2
79,80,99,5
80,81,112,5
81,82,175,7
82,83,154,9
83,84,161,4
84,85,2,7
85,86,167,4
86,87,389,4
87,88,75,3
88,89,346,3
89,90,34,3
90,91,130,4
91,92,290,2
92,93,2,6
93,94,249,3
94,95,91,1
95,96,364,9
96,97,2,6
97,98,52,5
98,99,175,10
99,100,175,3
100,101,370,1
101,102,249,2
102,103,154,6
103,104,47,6
104,105,157,5
105,106,60,10
106,107,177,3
107,108,110,2
108,109,239,2
109,110,283,9
110,111,275,2
111,112,47,7
112,113,46,4
113,114,293,3
114,115,365,3
115,116,77,3
116,117,20,6
117,118,275,9
118,119,29,8
119,120,22,6
120,121,22,4
121,122,52,8
122,123,20,9
123,124,229,2
124,125,184,1
125,126,105,7
126,127,84,6
127,128,84,8
128,129,246,1
129,130,195,8
130,131,195,2
131,132,29,7
132,133,215,9
133,134,88,1
134,135,365,10
135,136,130,5
136,137,91,10
137,138,370,8
138,139,246,2
139,140,22,10
140,141,246,5
141,142,77,7
142,143,167,7
143,144,200,4
144,145,177,3
145,146,243,1
146,147,112,8
147,148,164,2
148,149,77,7
149,150,200,4
150,151,41,7
151,152,22,6
152,153,104,4
153,154,243,1
154,155,246,2
155,156,84,7
156,157,249,5
157,158,368,9
158,159,75,1
159,160,154,7
160,161,41,7
161,162,20,4
162,163,275,4
163,164,177,3
164,165,41,6
165,166,293,10
166,167,215,7
167,168,249,10
168,169,246,3
169,170,41,7
170,171,41,8
171,172,99,7
172,173,167,1
173,174,104,1
174,175,370,3
175,176,60,4
176,177,282,7
177,178,167,1
178,179,105,6
179,180,47,9
180,181,130,6
181,182,200,10
182,183,275,9
183,184,93,3
184,185,60,10
185,186,130,6
186,187,75,8
187,188,112,2
188,189,200,9
189,190,60,5
190,191,167,8
191,192,110,5
192,193,6,5
193,194,75,2
194,195,34,1
195,196,104,8
196,197,22,6
197,198,75,2
198,199,47,1
199,200,350,8
200,201,229,5
201,202,93,5
202,203,154,7
203,204,22,8
204,205,110,6
205,206,167,8
206,207,52,10
207,208,167,2
208,209,164,4
209,210,249,10
210,211,287,6
211,212,268,1
212,213,2,5
213,214,184,4
214,215,177,4
215,216,389,3
216,217,249,5
217,218,104,4
218,219,200,5
219,220,41,6
220,221,249,6
221,222,60,10
222,223,239,5
223,224,350,1
224,225,194,8
225,226,6,3
226,227,161,1
227,228,75,4
228,229,365,7
229,230,130,10
230,231,194,10
231,232,290,3
232,233,88,2
233,234,91,6
234,235,283,2
235,236,104,10
236,237,287,10
237,238,275,10
238,239,52,6
239,240,157,2
240,241,110,5
241,242,93,4
242,243,105,6
243,244,99,5
244,245,77,3
245,246,275,1
246,247,2,10
247,248,105,5
248,249,368,9
249,250,34,1
250,251,77,10
251,252,154,5
252,253,365,10
253,254,110,1
254,255,290,9
255,256,60,3
256,257,6,2
257,258,77,7
258,259,243,10
259,260,110,6
260,261,229,3
261,262,2,6
262,263,99,8
263,264,167,6
264,265,370,8
265,266,110,2
266,267,290,7
267,268,88,6
268,269,75,2
269,270,229,7
270,271,99,2
271,272,2,6
272,273,389,3
273,274,77,6
274,275,47,8
275,276,243,1
276,277,249,6
277,278,110,9
278,279,41,8
279,280,104,9
280,281,104,2
281,282,194,9
282,283,368,7
283,284,249,3
284,285,283,9
285,286,249,6
286,287,249,5
287,288,164,3
288,289,46,6
289,290,246,9
290,291,29,10
291,292,34,5
292,293,75,4
293,294,246,9
294,295,283,5
295,296,290,7
296,297,389,7
297,298,77,3
298,299,290,8
299,300,29,5
300,301,287,8
301,302,46,9
302,303,157,9
303,304,268,4
304,305,243,4
305,306,22,4
306,307,215,8
307,308,161,8
308,309,84,2
309,310,350,2
310,311,243,3
311,312,243,7
312,313,243,5
313,314,77,9
314,315,93,9
315,316,290,10
316,317,104,5
317,318,161,3
318,319,22,8
319,320,290,9
320,321,47,5
321,322,350,5
322,323,161,6
323,324,20,4
324,325,112,2
325,326,275,4
326,327,275,1
327,328,34,9
328,329,268,4
329,330,368,4
330,331,110,6
331,332,389,10
332,333,177,2
333,334,47,5
334,335,229,9
335,336,105,7
336,337,249,5
337,338,175,1
338,339,200,9
339,340,184,10
340,341,157,6
341,342,75,7
342,343,246,9
343,344,20,3
344,345,99,7
345,346,161,8
346,347,46,8
347,348,104,8
348,349,75,6
349,350,41,8
350,351,293,4
351,352,364,7
352,353,77,5
353,354,29,3
354,355,175,5
355,356,77,5
356,357,283,7
357,358,177,1
358,359,364,3
359,360,364,6
360,361,184,5
361,362,52,4
362,363,29,1
363,364,389,2
364,365,77,8
365,366,112,5
366,367,75,2
367,368,287,10
368,369,60,2
369,370,177,1
370,371,389,6
371,372,282,7
372,373,195,9
373,374,175,3
374,375,368,6
375,376,110,8
376,377,249,5
377,378,229,1
378,379,22,5
379,380,2,6
380,381,84,5
381,382,287,7
382,383,229,1
383,384,161,3
384,385,52,2
385,386,364,6
386,387,46,4
387,388,239,3
388,389,184,10
389,390,368,1
390,391,246,4
391,392,104,9
392,393,91,9
393,394,104,9
394,395,22,2
395,396,365,2
396,397,130,7
397,398,20,10
398,399,20,9
399,400,282,2
400,401,177,5
401,402,184,7
402,403,215,5
403,404,60,8
404,405,184,10
405,406,22,10
406,407,34,4
407,408,389,5
408,409,268,8
409,410,104,7
410,411,243,3
411,412,157,9
412,413,364,10
413,414,268,3
414,415,370,2
415,416,293,7
416,417,200,6
417,418,77,1
418,419,104,8
419,420,105,9
420,421,346,1
421,422,88,7
422,423,229,4
423,424,184,8
424,425,93,5
425,426,287,10
426,427,104,3
427,428,91,7
428,429,370,4
429,430,161,1
430,431,184,3
431,432,52,5
432,433,60,6
433,434,167,3
434,435,112,10
435,436,239,4
436,437,282,5
437,438,46,6
438,439,157,7
439,440,282,7
440,441,283,7
441,442,275,6
442,443,161,2
443,444,365,4
444,445,195,8
445,446,283,4
446,447,194,6
447,448,47,7
448,449,47,7
449,450,350,6
450,451,200,3
451,452,110,10
452,453,84,10
453,454,364,7
454,455,164,9
455,456,246,9
456,457,246,9
457,458,154,6
458,459,47,6
459,460,2,7
460,461,268,7
461,462,154,1
462,463,22,3
463,464,370,2
464,465,29,7
465,466,194,9
466,467,200,3
467,468,6,10
468,469,194,1
469,470,29,5
470,471,389,5
471,472,22,8
472,473,293,3
473,474,184,4
474,475,20,7
475,476,84,5
476,477,99,1
477,478,75,2
478,479,22,5
479,480,368,9
480,481,246,8
481,482,110,6
482,483,389,5
483,484,75,8
484,485,246,10
485,486,293,10
486,487,164,6
487,488,84,4
488,489,194,7
489,490,60,7
490,491,184,2
491,492,164,8
492,493,41,10
493,494,346,9
494,495,249,8
495,496,177,2
496,497,283,6
497,498,175,7
498,499,164,2
499,500,293,1
500,501,167,9
501,502,246,4
502,503,88,5
503,504,88,7
504,505,110,10
505,506,282,6
506,507,243,10
507,508,275,10
508,509,290,10
509,510,389,7
510,511,60,5
511,512,105,6
512,513,104,8
513,514,164,5
514,515,110,2
515,516,268,10
516,517,22,2
517,518,60,5
518,519,293,7
519,520,195,7
520,521,243,9
521,522,246,9
522,523,195,7
523,524,2,8
524,525,195,10
525,526,77,3
526,527,177,3
527,528,350,9
528,529,6,5
529,530,283,7
530,531,389,3
531,532,167,4
532,533,350,6
533,534,20,9
534,535,6,3
535,536,75,10
536,537,154,6
537,538,47,1
538,539,243,9
539,540,283,6
540,541,283,1
541,542,75,1
542,543,20,9
543,544,175,9
544,545,249,2
545,546,105,8
546,547,282,1
547,548,41,2
548,549,350,5
549,550,29,7
550,551,249,3
551,552,52,2
552,553,29,9
553,554,364,3
554,555,368,4
555,556,290,9
556,557,195,3
557,558,177,2
558,559,243,9
559,560,184,9
560,561,215,3
561,562,368,7
562,563,77,6
563,564,243,6
564,565,157,3
565,566,215,3
566,567,91,6
567,568,22,3
568,569,177,4
569,570,200,6
570,571,239,10
571,572,283,10
572,573,104,8
573,574,77,1
574,575,110,5
575,576,243,7
576,577,246,8
577,578,84,8
578,579,268,9
579,580,93,9
580,581,194,4
581,582,47,3
582,583,105,1
583,584,249,10
584,585,389,5
585,586,389,1
586,587,93,8
587,588,293,8
588,589,389,6
589,590,287,7
590,591,275,5
591,592,29,3
592,593,157,5
593,594,243,4
594,595,246,9
595,596,164,9
596,597,105,7
597,598,215,10
598,599,164,7
599,600,365,2
600,601,246,2
601,602,34,8
602,603,104,6
603,604,6,9
604,605,239,7
605,606,246,10
606,607,239,7
607,608,2,2
608,609,91,4
609,610,364,8
610,611,368,3
611,612,275,2
612,613,60,8
613,614,249,4
614,615,194,10
615,616,350,4
616,617,364,10
617,618,215,7
618,619,167,7
619,620,389,5
620,621,249,7
621,622,60,6
622,623,194,3
623,624,93,3
624,625,161,9
625,626,104,5
626,627,350,8
627,628,370,10
628,629,34,3
629,630,268,6
630,631,195,5
631,632,164,6
632,633,161,10
633,634,46,5
634,635,112,6
635,636,200,8
636,637,365,4
637,638,34,2
638,639,154,5
639,640,29,10
640,641,283,9
641,642,2,9
642,643,75,8
643,644,2,7
644,645,287,4
645,646,161,3
646,647,246,6
647,648,229,5
648,649,93,8
649,650,112,8
650,651,268,10
651,652,239,7
652,653,346,4
653,654,364,8
654,655,75,5
655,656,370,7
656,657,249,3
657,658,104,5
658,659,268,7
659,660,104,3
660,661,389,9
661,662,368,5
662,663,91,5
663,664,93,10
664,665,104,1
665,666,365,7
666,667,154,7
667,668,290,7
668,669,293,8
669,670,200,6
670,671,246,4
671,672,184,4
672,673,29,3
673,674,389,9
674,675,290,4
675,676,194,1
676,677,290,8
677,678,93,3
678,679,157,3
679,680,246,6
680,681,370,3
681,682,130,1
682,683,60,2
683,684,52,2
684,685,175,8
685,686,200,9
686,687,60,3
687,688,370,5
688,689,52,4
689,690,6,10
690,691,229,5
691,692,41,10
692,693,157,10
693,694,52,2
694,695,20,7
695,696,46,9
696,697,350,6
697,698,229,9
698,699,93,5
699,700,364,9
700,701,110,4
701,702,164,4
702,703,29,5
703,704,229,2
704,705,20,10
705,706,157,9
706,707,346,8
707,708,20,7
708,709,275,8
709,710,22,4
710,711,29,1
711,712,29,8
712,713,249,9
713,714,249,1
714,715,6,2
715,716,249,10
716,717,164,8
717,718,29,3
718,719,215,7
719,720,350,9
720,721,105,10
721,722,41,2
722,723,46,9
723,724,389,5
724,725,154,3
725,726,389,7
726,727,157,9
727,728,175,9
728,729,350,10
729,730,283,5
730,731,112,1
731,732,52,5
732,733,246,7
733,734,287,6
734,735,215,6
735,736,293,9
736,737,200,5
737,738,215,8
738,739,370,9
739,740,287,9
740,741,41,9
741,742,75,3
742,743,184,6
743,744,282,1
744,745,93,5
745,746,287,5
746,747,6,1
747,748,93,4
748,749,229,3
749,750,157,8
750,751,104,7
751,752,239,4
752,753,215,2
753,754,2,6
754,755,112,4
755,756,164,5
756,757,164,1
757,758,29,2
758,759,283,7
759,760,194,7
760,761,346,1
761,762,184,1
762,763,75,5
763,764,164,9
764,765,293,7
765,766,34,7
766,767,368,9
767,768,215,5
768,769,283,1
769,770,77,1
770,771,287,6
771,772,164,5
772,773,215,9
773,774,93,4
774,775,22,4
775,776,52,2
776,777,41,8
777,778,20,5
778,779,20,7
779,780,194,1
780,781,167,6
781,782,88,4
782,783,293,9
783,784,46,8
784,785,52,6
785,786,93,8
786,787,246,1
787,788,229,9
788,789,93,7
789,790,365,9
790,791,200,9
791,792,110,2
792,793,84,4
793,794,84,9
794,795,287,3
795,796,110,6
796,797,175,10
797,798,229,10
798,799,350,8
799,800,130,4
800,801,60,9
801,802,93,6
802,803,20,1
803,804,246,2
804,805,287,2
805,806,350,3
806,807,200,3
807,808,112,5
808,809,293,8
809,810,167,4
810,811,112,6
811,812,293,6
812,813,282,6
813,814,110,5
814,815,164,2
815,816,47,5
816,817,350,9
817,818,20,8
818,819,350,9
819,820,246,8
820,821,194,8
821,822,105,9
822,823,365,6
823,824,215,7
824,825,2,10
825,826,2,4
826,827,368,8
827,828,91,3
828,829,20,10
829,830,34,7
830,831,52,6
831,832,75,8
832,833,200,5
833,834,29,4
834,835,200,5
835,836,283,3
836,837,167,10
837,838,215,9
838,839,370,1
839,840,195,9
840,841,91,6
841,842,22,8
842,843,243,10
843,844,157,1
844,845,164,8
845,846,2,10
846,847,84,7
847,848,2,2
848,849,346,6
849,850,194,6
850,851,229,4
851,852,84,1
852,853,91,9
853,854,112,4
854,855,283,3
855,856,157,1
856,857,200,3
857,858,88,9
858,859,164,2
859,860,283,4
860,861,77,5
861,862,41,1
862,863,104,7
863,864,22,6
864,865,91,7
865,866,93,4
866,867,22,1
867,868,60,2
868,869,293,6
869,870,154,10
870,871,93,8
871,872,60,3
872,873,364,4
873,874,2,1
874,875,194,8
875,876,283,7
876,877,41,7
877,878,60,3
878,879,29,4
879,880,175,2
880,881,346,7
881,882,91,2
882,883,20,1
883,884,389,6
884,885,364,2
885,886,249,3
886,887,200,8
887,888,368,7
888,889,275,8
889,890,364,1
890,891,154,6
891,892,195,3
892,893,104,10
893,894,282,7
894,895,194,8
895,896,389,5
896,897,93,3
897,898,41,5
898,899,154,9
899,900,275,1
900,901,195,3
901,902,200,7
902,903,293,4
903,904,52,10
904,905,350,10
905,906,29,10
906,907,275,8
907,908,84,1
908,909,290,5
909,910,365,4
910,911,104,2
911,912,52,10
912,913,91,6
913,914,282,1
914,915,229,3
915,916,249,2
916,917,175,5
917,918,283,4
918,919,370,9
919,920,93,10
920,921,290,1
921,922,283,2
922,923,6,8
923,924,130,1
924,925,157,5
925,926,368,5
926,927,20,2
927,928,93,1
928,929,112,7
929,930,249,7
930,931,167,8
931,932,161,4
932,933,167,5
933,934,46,7
934,935,84,5
935,936,130,7
936,937,161,5
937,938,195,1
938,939,75,4
939,940,175,1
940,941,112,10
941,942,112,9
942,943,287,4
943,944,34,10
944,945,175,2
945,946,60,8
946,947,229,3
947,948,60,9
948,949,290,10
949,950,157,8
950,951,88,3
951,952,175,6
952,953,157,3
953,954,157,6
954,955,249,2
955,956,293,2
956,957,29,10
957,958,77,2
958,959,249,3
959,960,287,7
960,961,84,1
961,962,77,3
962,963,290,10
963,964,2,3
964,965,91,3
965,966,370,9
966,967,229,3
967,968,350,1
968,969,365,3
969,970,157,4
970,971,22,6
971,972,154,2
972,973,164,2
973,974,29,8
974,975,29,8
975,976,275,2
976,977,167,9
977,978,77,9
978,979,194,9
979,980,239,8
980,981,2,9
981,982,246,9
982,983,84,3
983,984,215,6
984,985,41,8
985,986,268,3
986,987,177,3
987,988,246,4
988,989,75,8
989,990,110,5
990,991,268,5
991,992,20,7
992,993,389,2
993,994,184,1
994,995,275,5
995,996,46,3
996,997,112,6
997,998,239,10
998,999,157,3
999,1000,246,6
1000,1001,46,9
1001,1002,52,8
1002,1003,287,2
1003,1004,364,10
1004,1005,287,1
1005,1006,239,3
1006,1007,194,2
1007,1008,154,9
1008,1009,2,2
1009,1010,130,9
1010,1011,47,5
1011,1012,370,6
1012,1013,246,3
1013,1014,175,7
1014,1015,175,1
1015,1016,175,2
1016,1017,246,4
1017,1018,370,2
1018,1019,157,6
1019,1020,368,1
1020,1021,164,9
1021,1,365,4
1022,2,184,2
1023,3,99,5
1024,4,282,3
1025,5,229,8
1026,6,177,9
1027,7,164,10
1028,8,52,1
1029,9,154,8
1030,10,91,10
1031,11,91,2
1032,12,275,6
1033,13,60,9
1034,14,93,4
1035,15,282,5
1036,16,370,1
1037,17,249,4
1038,18,389,2
1039,19,243,7
1040,20,194,5
1041,21,154,5
1042,22,350,10
1043,23,84,4
1044,24,364,7
1045,25,130,2
1046,26,75,5
1047,27,99,9
1048,28,249,3
1049,29,130,1
1050,30,287,3
1051,31,60,10
1052,32,104,6
1053,33,34,1
1054,34,104,7
1055,35,91,6
1056,36,195,7
1057,37,91,5
1058,38,41,4
1059,39,112,6
1060,40,287,2
1061,41,365,2
1062,42,243,7
1063,43,110,5
1064,44,195,5
1065,45,229,4
1066,46,60,10
1067,47,184,5
1068,48,275,3
1069,49,47,10
1070,50,154,10
1071,51,88,6
1072,52,110,3
1073,53,112,9
1074,54,104,5
1075,55,175,6
1076,56,164,6
1077,57,195,6
1078,58,88,4
1079,59,365,5
1080,60,75,4
1081,61,157,1
1082,62,157,1
1083,63,93,3
1084,64,2,10
1085,65,99,9
1086,66,161,4
1087,67,6,1
1088,68,60,9
1089,69,293,2
1090,70,75,3
1091,71,60,3
1092,72,268,3
1093,73,194,4
1094,74,164,4
1095,75,268,5
1096,76,105,3
1097,77,268,3
1098,78,164,5
1099,79,52,4
1100,80,41,1
1101,81,287,8
1102,82,283,9
1103,83,346,3
1104,84,110,1
1105,85,104,1
1106,86,243,6
1107,87,268,5
1108,88,167,4
1109,89,229,6
1110,90,239,5
1111,91,84,6
1112,92,215,3
1113,93,268,5
1114,94,290,6
1115,95,195,8
1116,96,34,2
1117,97,200,3
1118,98,29,9
1119,99,370,9
1120,100,246,3
1121,101,282,3
1122,102,93,2
1123,103,112,10
1124,104,293,5
1125,105,46,9
1126,106,161,3
1127,107,154,1
1128,108,84,8
1129,109,243,10
1130,110,239,8
1131,111,177,10
1132,112,41,5
1133,113,2,6
1134,114,239,2
1135,115,164,6
1136,116,110,3
1137,117,283,6
1138,118,249,3
1139,119,75,7
1140,120,2,7
1141,121,93,7
1142,122,177,9
1143,123,175,8
1144,124,194,7
1145,125,91,10
1146,126,110,2
1147,127,41,9
1148,128,34,2
1149,129,75,1
1150,130,88,7
1151,131,177,6
1152,132,104,8
1153,133,350,2
1154,134,112,6
1155,135,110,9
1156,136,75,2
1157,137,112,4
1158,138,389,10
1159,139,290,7
1160,140,6,10
1161,141,239,3
1162,142,184,6
1163,143,175,7
1164,144,154,8
1165,145,293,7
1166,146,112,9
1167,147,175,2
1168,148,41,2
1169,149,200,6
1170,150,46,10
1171,151,130,1
1172,152,46,6
1173,153,246,6
1174,154,364,4
1175,155,164,8
1176,156,215,4
1177,157,29,6
1178,158,364,5
1179,159,177,7
1180,160,350,8
1181,161,154,8
1182,162,99,8
1183,163,84,10
1184,164,167,10
1185,165,229,1
1186,166,161,5
1187,167,365,2
1188,168,112,6
1189,169,77,7
1190,170,364,5
1191,171,75,2
1192,172,365,3
1193,173,93,10
1194,174,20,2
1195,175,249,7
1196,176,283,4
1197,177,167,3
1198,178,287,10
1199,179,2,1
1200,180,110,1
1201,181,104,8
1202,182,175,10
1203,183,105,6
1204,184,161,9
1205,185,243,4
1206,186,365,9
1207,187,29,7
1208,188,93,7
1209,189,2,6
1210,190,105,10
1211,191,105,3
1212,192,370,3
1213,193,370,8
1214,194,47,6
1215,195,184,10
1216,196,99,2
1217,197,365,2
1218,198,239,3
1219,199,84,4
1220,200,29,7
1221,201,93,2
1222,202,275,3
1223,203,84,10
1224,204,287,7
1225,205,184,7
1226,206,275,3
1227,207,2,5
1228,208,75,10
1229,209,243,6
1230,210,77,1
1231,211,184,4
1232,212,249,6
1233,213,46,8
1234,214,290,4
1235,215,293,8
1236,216,47,3
1237,217,229,8
1238,218,368,4
1239,219,177,8
1240,220,350,5
1241,221,215,10
1242,222,175,3
1243,223,52,1
1244,224,93,7
1245,225,287,1
1246,226,229,7
1247,227,2,5
1248,228,177,4
1249,229,88,6
1250,230,93,7
1251,231,175,4
1252,232,20,5
1253,233,91,8
1254,234,282,10
1255,235,52,9
1256,236,41,8
1257,237,154,1
1258,238,243,1
1259,239,175,1
1260,240,283,3
1261,241,246,9
1262,242,46,5
1263,243,239,10
1264,244,6,1
1265,245,346,4
1266,246,110,10
1267,247,20,7
1268,248,77,3
1269,249,287,6
1270,250,104,5
1271,251,161,7
1272,252,167,5
1273,253,389,5
1274,254,370,1
1275,255,77,9
1276,256,243,9
1277,257,104,3
1278,258,194,9
1279,259,268,2
1280,260,243,9
1281,261,154,9
1282,262,370,8
1283,263,41,3
1284,264,91,7
1285,265,112,2
1286,266,200,7
1287,267,370,7
1288,268,41,8
1289,269,346,2
1290,270,91,2
1291,271,84,9
1292,272,52,7
1293,273,167,1
1294,274,287,2
1295,275,290,3
1296,276,6,1
1297,277,282,6
1298,278,229,5
1299,279,167,6
1300,280,215,9
1301,281,2,3
1302,282,6,9
1303,283,164,1
1304,284,46,1
1305,285,239,4
1306,286,99,8
1307,287,368,8
1308,288,370,9
1309,289,200,10
1310,290,2,8
1311,291,370,9
1312,292,154,5
1313,293,112,8
1314,294,130,8
1315,295,161,4
1316,296,112,7
1317,297,268,8
1318,298,364,2
1319,299,105,8
1320,300,93,5
1321,301,167,1
1322,302,200,10
1323,303,41,4
1324,304,29,8
1325,305,177,9
1326,306,249,3
1327,307,47,6
1328,308,157,5
1329,309,112,6
1330,310,290,1
1331,311,287,3
1332,312,105,6
1333,313,77,8
1334,314,164,5
1335,315,167,10
1336,316,268,3
1337,317,2,2
1338,318,389,9
1339,319,195,9
1340,320,200,5
1341,321,60,4
1342,322,293,6
1343,323,2,7
1344,324,282,7
1345,325,161,3
1346,326,60,8
1347,327,52,4
1348,328,93,4
1349,329,91,2
1350,330,293,3
1351,331,290,7
1352,332,84,8
1353,333,184,9
1354,334,105,2
1355,335,275,7
1356,336,99,9
1357,337,46,1
1358,338,364,1
1359,339,75,9
1360,340,88,10
1361,341,229,2
1362,342,104,3
1363,343,130,1
1364,344,105,4
1365,345,215,2
1366,346,249,10
1367,347,22,4
1368,348,215,5
1369,349,34,1
1370,350,105,5
1371,351,41,7
1372,352,154,9
1373,353,243,8
1374,354,175,5
1375,355,290,5
1376,356,93,5
1377,357,47,1
1378,358,130,5
1379,359,282,5
1380,360,77,9
1381,361,20,4
1382,362,167,9
1383,363,52,5
1384,364,282,8
1385,365,365,5
1386,366,6,7
1387,367,52,1
1388,368,77,8
1389,369,268,5
1390,370,195,4
1391,371,175,10
1392,372,195,6
1393,373,290,5
1394,374,112,7
1395,375,239,9
1396,376,22,7
1397,377,346,3
1398,378,161,1
1399,379,46,9
1400,380,88,8
1401,381,346,5
1402,382,246,8
1403,383,20,8
1404,384,110,9
1405,385,283,5
1406,386,112,4
1407,387,268,10
1408,388,154,5
1409,389,91,7
1410,390,84,2
1411,391,99,10
1412,392,215,1
1413,393,167,4
1414,394,91,9
1415,395,282,3
1416,396,41,1
1417,397,389,10
1418,398,243,10
1419,399,104,6
1420,400,184,6
1421,401,239,1
1422,402,105,5
1423,403,290,8
1424,404,20,7
1425,405,77,10
1426,406,34,2
1427,407,283,7
1428,408,91,9
1429,409,88,10
1430,410,268,9
1431,411,389,6
1432,412,29,3
1433,413,246,2
1434,414,22,2
1435,415,283,5
1436,416,75,2
1437,417,239,3
1438,418,130,5
1439,419,177,5
1440,420,283,3
1441,421,91,5
1442,422,104,9
1443,423,215,9
1444,424,104,5
1445,425,34,3
1446,426,282,10
1447,427,164,2
1448,428,161,3
1449,429,389,3
1450,430,368,9
1451,431,346,9
1452,432,290,8
1453,433,246,10
1454,434,370,1
1455,435,365,5
1456,436,282,3
1457,437,365,9
1458,438,84,1
1459,439,34,9
1460,440,293,3
1461,441,195,6
1462,442,268,7
1463,443,275,4
1464,444,364,8
1465,445,91,4
1466,446,60,10
1467,447,22,9
1468,448,287,8
1469,449,229,7
1470,450,370,9
1471,451,184,2
1472,452,365,10
1473,453,46,10
1474,454,194,3
1475,455,195,9
1476,456,2,8
1477,457,105,10
1478,458,41,3
1479,459,84,1
1480,460,93,8
1481,461,84,6
1482,462,194,5
1483,463,112,7
1484,464,77,7
1485,465,91,10
1486,466,157,1
1487,467,164,1
1488,468,110,6
1489,469,368,3
1490,470,84,1
1491,471,99,2
1492,472,93,9
1493,473,239,5
1494,474,368,5
1495,475,283,8
1496,476,105,1
1497,477,368,2
1498,478,84,1
1499,479,29,3
1500,480,246,10
1501,481,154,2
1502,482,194,9
1503,483,268,2
1504,484,104,3
1505,485,29,4
1506,486,249,1
1507,487,275,5
1508,488,239,9
1509,489,346,5
1510,490,346,6
1511,491,91,4
1512,492,167,8
1513,493,249,6
1514,494,215,3
1515,495,346,3
1516,496,370,3
1517,497,29,6
1518,498,88,9
1519,499,104,5
1520,500,22,3
1521,501,239,5
1522,502,60,10
1523,503,84,7
1524,504,104,2
1525,505,41,1
1526,506,75,9
1527,507,200,8
1528,508,365,8
1529,509,91,10
1530,510,93,8
1531,511,112,1
1532,512,2,7
1533,513,282,8
1534,514,287,8
1535,515,364,2
1536,516,370,5
1537,517,200,1
1538,518,22,2
1539,519,365,4
1540,520,75,1
1541,521,195,7
1542,522,99,7
1543,523,77,9
1544,524,389,7
1545,525,157,4
1546,526,350,10
1547,527,110,6
1548,528,105,9
1549,529,350,3
1550,530,246,5
1551,531,154,1
1552,532,22,9
1553,533,52,3
1554,534,364,8
1555,535,370,8
1556,536,184,2
1557,537,52,1
1558,538,246,2
1559,539,287,1
1560,540,93,8
1561,541,164,5
1562,542,105,10
1563,543,290,5
1564,544,84,10
1565,545,287,1
1566,546,47,2
1567,547,157,5
1568,548,112,2
1569,549,105,2
1570,550,88,5
1571,551,77,7
1572,552,364,2
1573,553,370,7
1574,554,164,9
1575,555,184,10
1576,556,46,2
1577,557,287,9
1578,558,370,3
1579,559,161,3
1580,560,157,6
1581,561,246,9
1582,562,365,9
1583,563,104,4
1584,564,194,3
1585,565,365,7
1586,566,268,3
1587,567,215,4
1588,568,194,7
1589,569,194,5
1590,570,75,5
1591,571,283,1
1592,572,184,10
1593,573,184,2
1594,574,99,2
1595,575,167,4
1596,576,20,4
1597,577,22,9
1598,578,275,1
1599,579,112,7
1600,580,161,6
1601,581,93,1
1602,582,29,1
1603,583,46,7
1604,584,2,7
1605,585,22,1
1606,586,105,6
1607,587,104,1
1608,588,195,2
1609,589,29,4
1610,590,105,9
1611,591,243,8
1612,592,6,10
1613,593,52,8
1614,594,368,4
1615,595,365,10
1616,596,175,8
1617,597,290,1
1618,598,368,1
1619,599,47,8
1620,600,52,1
1621,601,157,2
1622,602,215,8
1623,603,93,6
1624,604,287,10
1625,605,282,10
1626,606,91,9
1627,607,84,3
1628,608,20,7
1629,609,46,5
1630,610,47,8
1631,611,91,7
1632,612,177,10
1633,613,110,9
1634,614,389,10
1635,615,91,9
1636,616,104,9
1637,617,99,4
1638,618,130,9
1639,619,105,4
1640,620,239,4
1641,621,287,6
1642,622,154,4
1643,623,282,4
1644,624,283,6
1645,625,283,7
1646,626,365,4
1647,627,246,7
1648,628,194,7
1649,629,110,3
1650,630,195,9
1651,631,290,5
1652,632,130,4
1653,633,290,5
1654,634,154,7
1655,635,275,8
1656,636,194,9
1657,637,239,9
1658,638,268,10
1659,639,239,7
1660,640,389,9
1661,641,246,3
1662,642,275,4
1663,643,47,2
1664,644,46,6
1665,645,275,10
1666,646,215,6
1667,647,249,8
1668,648,41,9
1669,649,167,8
1670,650,29,8
1671,651,195,3
1672,652,130,8
1673,653,105,8
1674,654,368,8
1675,655,229,4
1676,656,22,8
1677,657,283,6
1678,658,215,9
1679,659,346,6
1680,660,243,5
1681,661,368,1
1682,662,200,10
1683,663,130,9
1684,664,130,1
1685,665,60,5
1686,666,154,7
1687,667,47,5
1688,668,283,5
1689,669,99,6
1690,670,243,10
1691,671,283,9
1692,672,46,10
1693,673,364,10
1694,674,364,9
1695,675,194,8
1696,676,164,4
1697,677,164,10
1698,678,99,8
1699,679,200,7
1700,680,112,2
1701,681,60,6
1702,682,350,7
1703,683,368,8
1704,684,112,5
1705,685,154,10
1706,686,84,5
1707,687,243,5
1708,688,243,4
1709,689,46,6
1710,690,157,3
1711,691,47,8
1712,692,177,3
1713,693,287,3
1714,694,239,1
1715,695,194,1
1716,696,243,2
1717,697,77,4
1718,698,52,7
1719,699,6,3
1720,700,20,9
1721,701,370,7
1722,702,47,7
1723,703,215,9
1724,704,41,1
1725,705,161,4
1726,706,46,10
1727,707,195,9
1728,708,370,10
1729,709,75,5
1730,710,368,5
1731,711,282,3
1732,712,246,4
1733,713,164,4
1734,714,364,3
1735,715,105,4
1736,716,200,8
1737,717,77,8
1738,718,77,9
1739,719,157,1
1740,720,268,7
1741,721,60,10
1742,722,194,9
1743,723,215,8
1744,724,283,10
1745,725,60,9
1746,726,368,4
1747,727,29,10
1748,728,229,3
1749,729,215,5
1750,730,293,6
1751,731,246,10
1752,732,249,6
1753,733,368,9
1754,734,91,10
1755,735,282,4
1756,736,91,5
1757,737,229,9
1758,738,177,5
1759,739,161,2
1760,740,47,1
1761,741,154,2
1762,742,22,2
1763,743,194,3
1764,744,167,2
1765,745,365,3
1766,746,161,10
1767,747,110,8
1768,748,154,7
1769,749,105,5
1770,750,46,7
1771,751,29,2
1772,752,215,4
1773,753,229,2
1774,754,249,10
1775,755,293,9
1776,756,184,9
1777,757,283,7
1778,758,282,10
1779,759,157,1
1780,760,77,8
1781,761,290,6
1782,762,34,7
1783,763,91,4
1784,764,249,3
1785,765,157,9
1786,766,184,4
1787,767,243,6
1788,768,22,2
1789,769,195,5
1790,770,275,7
1791,771,282,7
1792,772,91,10
1793,773,350,1
1794,774,105,4
1795,775,112,8
1796,776,34,5
1797,777,77,3
1798,778,41,1
1799,779,99,8
1800,780,368,1
1801,781,99,5
1802,782,91,4
1803,783,177,2
1804,784,157,7
1805,785,175,2
1806,786,215,1
1807,787,104,2
1808,788,60,6
1809,789,194,6
1810,790,350,1
1811,791,157,1
1812,792,215,9
1813,793,77,6
1814,794,22,7
1815,795,346,8
1816,796,75,3
1817,797,195,7
1818,798,370,3
1819,799,112,6
1820,800,22,6
1821,801,99,1
1822,802,194,9
1823,803,282,9
1824,804,47,4
1825,805,243,4
1826,806,91,2
1827,807,161,7
1828,808,161,9
1829,809,282,10
1830,810,249,3
1831,811,47,1
1832,812,175,1
1833,813,52,9
1834,814,350,8
1835,815,246,9
1836,816,283,5
1837,817,46,4
1838,818,346,8
1839,819,154,7
1840,820,215,5
1841,821,104,1
1842,822,370,2
1843,823,389,5
1844,824,47,4
1845,825,368,6
1846,826,52,2
1847,827,175,10
1848,828,346,1
1849,829,215,3
1850,830,110,9
1851,831,365,5
1852,832,229,4
1853,833,157,9
1854,834,364,1
1855,835,195,10
1856,836,229,6
1857,837,368,4
1858,838,161,9
1859,839,161,9
1860,840,47,4
1861,841,22,9
1862,842,283,1
1863,843,52,4
1864,844,34,6
1865,845,364,5
1866,846,99,1
1867,847,161,7
1868,848,249,3
1869,849,239,1
1870,850,99,3
1871,851,175,6
1872,852,130,2
1873,853,268,4
1874,854,105,7
1875,855,200,4
1876,856,110,1
1877,857,246,4
1878,858,167,8
1879,859,195,5
1880,860,164,1
1881,861,60,9
1882,862,184,7
1883,863,275,4
1884,864,283,6
1885,865,22,8
1886,866,229,6
1887,867,268,3
1888,868,287,4
1889,869,389,1
1890,870,194,4
1891,871,34,4
1892,872,246,4
1893,873,22,8
1894,874,368,6
1895,875,275,6
1896,876,287,10
1897,877,104,9
1898,878,239,9
1899,879,184,2
1900,880,364,3
1901,881,249,3
1902,882,275,5
1903,883,200,5
1904,884,60,3
1905,885,47,2
1906,886,157,9
1907,887,105,6
1908,888,184,8
1909,889,2,9
1910,890,368,1
1911,891,60,8
1912,892,215,8
1913,893,88,8
1914,894,154,7
1915,895,243,9
1916,896,364,10
1917,897,164,2
1918,898,243,8
1919,899,246,2
1920,900,161,8
1921,901,20,6
1922,902,249,7
1923,903,195,1
1924,904,293,4
1925,905,215,9
1926,906,350,4
1927,907,167,1
1928,908,283,5
1929,909,246,7
1930,910,6,8
1931,911,243,9
1932,912,6,1
1933,913,99,8
1934,914,91,3
1935,915,167,10
1936,916,34,6
1937,917,243,2
1938,918,195,1
1939,919,268,10
1940,920,346,5
1941,921,130,6
1942,922,365,8
1943,923,52,4
1944,924,290,2
1945,925,2,6
1946,926,164,6
1947,927,243,9
1948,928,22,7
1949,929,2,8
1950,930,46,7
1951,931,346,9
1952,932,47,8
1953,933,6,6
1954,934,22,1
1955,935,287,1
1956,936,60,8
1957,937,99,8
1958,938,167,9
1959,939,200,3
1960,940,6,2
1961,941,29,6
1962,942,84,5
1963,943,6,7
1964,944,282,5
1965,945,229,10
1966,946,389,1
1967,947,77,3
1968,948,75,2
1969,949,60,2
1970,950,105,7
1971,951,282,2
1972,952,365,4
1973,953,229,2
1974,954,22,2
1975,955,84,4
1976,956,110,9
1977,957,229,10
1978,958,157,4
1979,959,20,2
1980,960,246,9
1981,961,164,1
1982,962,268,8
1983,963,104,1
1984,964,243,8
1985,965,290,3
1986,966,290,5
1987,967,154,7
1988,968,275,10
1989,969,99,8
1990,970,34,3
1991,971,154,3
1992,972,157,4
1993,973,104,6
1994,974,157,1
1995,975,239,5
1996,976,195,7
1997,977,215,7
1998,978,110,1
1999,979,246,4
2000,980,47,2
2001,981,283,7
2002,982,215,10
2003,983,243,4
2004,984,194,10
2005,985,34,7
2006,986,88,8
2007,987,365,5
2008,988,346,4
2009,989,370,8
2010,990,246,1
2011,991,293,6
2012,992,275,10
2013,993,368,3
2014,994,41,8
2015,995,130,5
2016,996,215,9
2017,997,368,1
2018,998,290,5
2019,999,110,8
2020,1000,370,5
2021,1001,84,9
2022,1002,112,3
2023,1003,200,10
2024,1004,293,5
2025,1005,370,4
2026,1006,22,3
2027,1007,84,7
2028,1008,29,6
2029,1009,368,8
2030,1010,282,4
2031,1011,75,2
2032,1012,2,1
2033,1013,249,10
2034,1014,22,10
2035,1015,29,8
2036,1016,282,2
2037,1017,249,3
2038,1018,29,3
2039,1019,99,5
2040,1020,84,9
2041,1021,167,10
2042,1,46,9
2043,2,200,9
2044,3,364,3
2045,4,283,7
2046,5,88,9
2047,6,47,6
2048,7,200,7
2049,8,29,9
2050,9,60,7
2051,10,282,9
2052,11,22,9
2053,12,287,9
2054,13,34,7
2055,14,2,1
2056,15,161,7
2057,16,60,9
2058,17,389,1
2059,18,290,3
2060,19,368,7
2061,20,34,4
2062,21,215,3
2063,22,75,2
2064,23,290,2
2065,24,105,2
2066,25,110,4
2067,26,229,6
2068,27,287,7
2069,28,154,4
2070,29,84,2
2071,30,389,4
2072,31,2,9
2073,32,2,3
2074,33,175,6
2075,34,46,10
2076,35,164,5
2077,36,164,1
2078,37,41,4
2079,38,239,10
2080,39,84,8
2081,40,2,3
2082,41,177,7
2083,42,246,8
2084,43,6,4
2085,44,364,5
2086,45,370,7
2087,46,195,8
2088,47,283,5
2089,48,350,4
2090,49,77,6
2091,50,177,4
2092,51,290,1
2093,52,175,2
2094,53,34,5
2095,54,110,4
2096,55,41,3
2097,56,91,3
2098,57,177,9
2099,58,239,4
2100,59,268,2
2101,60,164,2
2102,61,77,3
2103,62,161,9
2104,63,161,8
2105,64,104,4
2106,65,154,7
2107,66,91,8
2108,67,60,10
2109,68,350,8
2110,69,60,6
2111,70,104,9
2112,71,346,10
2113,72,200,10
2114,73,112,8
2115,74,177,10
2116,75,52,2
2117,76,290,9
2118,77,365,9
2119,78,154,1
2120,79,29,2
2121,80,84,10
2122,81,130,1
2123,82,177,6
2124,83,29,4
2125,84,154,7
2126,85,364,9
2127,86,268,3
2128,87,364,4
2129,88,161,5
2130,89,110,6
2131,90,84,10
2132,91,110,3
2133,92,110,3
2134,93,368,10
2135,94,20,1
2136,95,175,7
2137,96,215,7
2138,97,75,1
2139,98,77,5
2140,99,154,1
2141,100,2,4
2142,101,110,9
2143,102,88,5
2144,103,282,9
2145,104,268,8
2146,105,215,6
2147,106,365,3
2148,107,368,8
2149,108,161,1
2150,109,52,3
2151,110,93,10
2152,111,243,2
2153,112,157,2
2154,113,105,1
2155,114,161,9
2156,115,60,4
2157,116,29,2
2158,117,47,4
2159,118,47,2
2160,119,2,4
2161,120,77,10
2162,121,293,9
2163,122,161,8
2164,123,246,3
2165,124,365,6
2166,125,370,2
2167,126,364,10
2168,127,88,10
2169,128,346,8
2170,129,93,3
2171,130,282,2
2172,131,34,1
2173,132,350,5
2174,133,249,5
2175,134,20,4
2176,135,47,5
2177,136,177,8
2178,137,2,6
2179,138,88,9
2180,139,249,5
2181,140,52,4
2182,141,130,4
2183,142,370,3
2184,143,194,9
2185,144,2,2
2186,145,275,2
2187,146,268,10
2188,147,60,6
2189,148,200,9
2190,149,370,4
2191,150,293,3
2192,151,105,2
2193,152,364,7
2194,153,243,1
2195,154,184,6
2196,155,184,1
2197,156,246,2
2198,157,389,2
2199,158,157,5
2200,159,157,3
2201,160,389,9
2202,161,175,8
2203,162,246,9
2204,163,215,3
2205,164,112,1
2206,165,2,7
2207,166,52,3
2208,167,239,10
2209,168,91,7
2210,169,52,2
2211,170,239,1
2212,171,34,5
2213,172,84,4
2214,173,239,9
2215,174,22,2
2216,175,93,5
2217,176,157,7
2218,177,154,4
2219,178,112,5
2220,179,239,6
2221,180,93,5
2222,181,88,2
2223,182,20,1
2224,183,22,2
2225,184,243,8
2226,185,364,2
2227,186,104,10
2228,187,167,10
2229,188,77,9
2230,189,246,3
2231,190,47,5
2232,191,195,6
2233,192,164,1
2234,193,130,10
2235,194,161,7
2236,195,112,6
2237,196,110,7
2238,197,290,6
2239,198,368,6
2240,199,110,9
2241,200,6,1
2242,201,290,1
2243,202,346,2
2244,203,246,8
2245,204,389,4
2246,205,215,4
2247,206,239,5
2248,207,283,8
2249,208,130,6
2250,209,84,1
2251,210,52,8
2252,211,34,2
2253,212,6,9
2254,213,200,9
2255,214,282,10
2256,215,239,4
2257,216,215,1
2258,217,77,8
2259,218,60,6
2260,219,215,8
2261,220,112,4
2262,221,157,1
2263,222,194,6
2264,223,2,3
2265,224,20,3
2266,225,346,4
2267,226,161,7
2268,227,215,8
2269,228,164,5
2270,229,177,1
2271,230,20,7
2272,231,104,6
2273,232,130,10
2274,233,164,5
2275,234,47,3
2276,235,157,1
2277,236,110,2
2278,237,22,10
2279,238,93,9
2280,239,364,3
2281,240,368,7
2282,241,350,9
2283,242,346,7
2284,243,20,4
2285,244,246,3
2286,245,282,9
2287,246,22,3
2288,247,93,6
2289,248,157,6
2290,249,283,9
2291,250,368,3
2292,251,287,8
2293,252,84,5
2294,253,243,9
2295,254,287,5
2296,255,195,3
2297,256,52,7
2298,257,290,1
2299,258,112,7
2300,259,161,5
2301,260,93,2
2302,261,112,5
2303,262,154,2
2304,263,184,5
2305,264,249,1
2306,265,88,7
2307,266,239,4
2308,267,34,2
2309,268,268,10
2310,269,110,7
2311,270,364,5
2312,271,34,8
2313,272,389,4
2314,273,154,4
2315,274,93,9
2316,275,52,7
2317,276,105,8
2318,277,229,1
2319,278,93,5
2320,279,52,10
2321,280,22,9
2322,281,175,1
2323,282,389,9
2324,283,275,4
2325,284,22,7
2326,285,93,3
2327,286,105,2
2328,287,364,8
2329,288,215,1
2330,289,175,10
2331,290,34,2
2332,291,91,10
2333,292,184,2
2334,293,41,9
2335,294,157,8
2336,295,275,1
2337,296,239,6
2338,297,246,9
2339,298,370,5
2340,299,77,8
2341,300,184,1
2342,301,105,5
2343,302,177,10
2344,303,177,6
2345,304,112,3
2346,305,157,7
2347,306,93,9
2348,307,239,1
2349,308,88,2
2350,309,368,1
2351,310,365,8
2352,311,275,7
2353,312,93,10
2354,313,282,7
2355,314,34,3
2356,315,105,5
2357,316,75,9
2358,317,370,8
2359,318,184,9
2360,319,84,8
2361,320,34,4
2362,321,287,8
2363,322,41,6
2364,323,239,2
2365,324,167,3
2366,325,41,3
2367,326,229,10
2368,327,282,10
2369,328,200,5
2370,329,287,5
2371,330,365,8
2372,331,243,8
2373,332,275,5
2374,333,104,9
2375,334,195,7
2376,335,164,4
2377,336,177,6
2378,337,290,1
2379,338,368,1
2380,339,239,8
2381,340,99,8
2382,341,84,4
2383,342,6,7
2384,343,293,10
2385,344,6,3
2386,345,293,10
2387,346,157,5
2388,347,41,4
2389,348,229,5
2390,349,88,3
2391,350,99,4
2392,351,47,3
2393,352,112,6
2394,353,275,3
2395,354,239,6
2396,355,93,2
2397,356,46,3
2398,357,200,5
2399,358,22,6
2400,359,275,8
2401,360,246,10
2402,361,365,10
2403,362,287,6
2404,363,91,1
2405,364,60,1
2406,365,29,8
2407,366,99,1
2408,367,167,9
2409,368,246,8
2410,369,229,8
2411,370,110,3
2412,371,164,3
2413,372,246,5
2414,373,293,5
2415,374,157,2
2416,375,389,3
2417,376,88,6
2418,377,88,9
2419,378,75,9
2420,379,364,6
2421,380,370,7
2422,381,167,9
2423,382,293,6
2424,383,275,4
2425,384,34,8
2426,385,161,10
2427,386,157,9
2428,387,2,7
2429,388,157,4
2430,389,22,5
2431,390,194,7
2432,391,167,1
2433,392,112,4
2434,393,164,10
2435,394,164,9
2436,395,110,6
2437,396,175,2
2438,397,105,10
2439,398,22,10
2440,399,283,5
2441,400,177,9
2442,401,268,4
2443,402,60,5
2444,403,93,6
2445,404,365,9
2446,405,215,8
2447,406,91,5
2448,407,229,7
2449,408,229,2
2450,409,175,9
2451,410,157,3
2452,411,104,5
2453,412,77,9
2454,413,365,6
2455,414,246,10
2456,415,130,7
2457,416,282,8
2458,417,47,1
2459,418,164,9
2460,419,130,7
2461,420,364,4
2462,421,60,3
2463,422,365,2
2464,423,91,7
2465,424,20,2
2466,425,60,8
2467,426,20,6
2468,427,282,9
2469,428,60,8
2470,429,195,3
2471,430,93,7
2472,431,34,8
2473,432,47,8
2474,433,104,3
2475,434,60,8
2476,435,22,7
2477,436,365,4
2478,437,91,1
2479,438,34,9
2480,439,389,4
2481,440,34,5
2482,441,46,10
2483,442,84,1
2484,443,365,9
2485,444,275,10
2486,445,194,7
2487,446,287,8
2488,447,215,2
2489,448,161,1
2490,449,177,10
2491,450,20,9
2492,451,52,2
2493,452,75,4
2494,453,105,4
2495,454,200,7
2496,455,215,5
2497,456,84,8
2498,457,84,9
2499,458,365,7
2500,459,184,6
2501,460,389,4
2502,461,283,8
2503,462,167,3
2504,463,283,9
2505,464,6,9
2506,465,164,6
2507,466,290,3
2508,467,167,8
2509,468,47,6
2510,469,365,9
2511,470,275,6
2512,471,268,7
2513,472,46,8
2514,473,287,5
2515,474,293,1
2516,475,229,10
2517,476,167,2
2518,477,60,7
2519,478,275,6
2520,479,75,3
2521,480,34,2
2522,481,184,9
2523,482,370,2
2524,483,91,10
2525,484,282,1
2526,485,84,4
2527,486,84,2
2528,487,75,1
2529,488,105,4
2530,489,246,7
2531,490,161,9
2532,491,290,1
2533,492,157,10
2534,493,105,5
2535,494,60,8
2536,495,195,9
2537,496,290,1
2538,497,346,5
2539,498,287,10
2540,499,368,2
2541,500,249,7
2542,501,22,8
2543,502,88,9
2544,503,52,5
2545,504,167,2
2546,505,293,9
2547,506,46,5
2548,507,275,5
2549,508,268,4
2550,509,194,7
2551,510,290,8
2552,511,350,6
2553,512,154,9
2554,513,157,7
2555,514,177,2
2556,515,130,5
2557,516,194,6
2558,517,346,2
2559,518,112,4
2560,519,104,9
2561,520,93,6
2562,521,77,9
2563,522,195,6
2564,523,365,4
2565,524,290,1
2566,525,2,8
2567,526,6,7
2568,527,287,1
2569,528,84,3
2570,529,368,6
2571,530,29,9
2572,531,22,5
2573,532,75,2
2574,533,283,9
2575,534,47,8
2576,535,350,8
2577,536,275,9
2578,537,194,6
2579,538,365,5
2580,539,368,7
2581,540,177,9
2582,541,243,4
2583,542,194,4
2584,543,46,6
2585,544,34,4
2586,545,293,9
2587,546,287,7
2588,547,20,2
2589,548,368,2
2590,549,46,1
2591,550,105,1
2592,551,215,5
2593,552,283,6
2594,553,112,5
2595,554,6,10
2596,555,268,2
2597,556,164,9
2598,557,157,5
2599,558,34,5
2600,559,46,8
2601,560,282,9
2602,561,161,3
2603,562,364,6
2604,563,365,5
2605,564,2,1
2606,565,104,5
2607,566,91,2
2608,567,52,8
2609,568,283,10
2610,569,34,6
2611,570,2,2
2612,571,29,8
2613,572,130,3
2614,573,84,2
2615,574,346,5
2616,575,370,8
2617,576,229,9
2618,577,200,2
2619,578,112,6
2620,579,105,7
2621,580,368,9
2622,581,157,7
2623,582,99,7
2624,583,246,2
2625,584,157,3
2626,585,99,7
2627,586,75,6
2628,587,194,1
2629,588,239,4
2630,589,184,9
2631,590,99,3
2632,591,164,9
2633,592,46,3
2634,593,104,6
2635,594,249,5
2636,595,239,8
2637,596,239,9
2638,597,200,7
2639,598,157,2
2640,599,34,4
2641,600,22,3
2642,601,167,3
2643,602,52,9
2644,603,161,7
2645,604,229,10
2646,605,246,1
2647,606,195,5
2648,607,184,3
2649,608,22,7
2650,609,167,1
2651,610,239,3
2652,611,52,7
2653,612,46,9
2654,613,177,8
2655,614,175,9
2656,615,246,3
2657,616,290,1
2658,617,2,6
2659,618,195,5
2660,619,346,5
2661,620,365,8
2662,621,346,4
2663,622,84,1
2664,623,246,9
2665,624,60,9
2666,625,175,5
2667,626,47,9
2668,627,275,1
2669,628,282,7
2670,629,84,10
2671,630,389,9
2672,631,154,3
2673,632,268,3
2674,633,20,9
2675,634,167,6
2676,635,177,6
2677,636,239,6
2678,637,293,9
2679,638,154,2
2680,639,268,9
2681,640,364,3
2682,641,243,2
2683,642,389,9
2684,643,52,6
2685,644,194,1
2686,645,293,8
2687,646,22,1
2688,647,52,9
2689,648,99,1
2690,649,346,9
2691,650,200,2
2692,651,167,7
2693,652,282,7
2694,653,84,4
2695,654,161,4
2696,655,112,7
2697,656,75,9
2698,657,194,2
2699,658,46,1
2700,659,112,4
2701,660,177,5
2702,661,283,7
2703,662,268,7
2704,663,22,5
2705,664,104,5
2706,665,350,4
2707,666,177,5
2708,667,282,9
2709,668,34,5
2710,669,2,8
2711,670,157,1
2712,671,350,6
2713,672,2,10
2714,673,104,5
2715,674,293,6
2716,675,22,8
2717,676,249,4
2718,677,41,7
2719,678,88,4
2720,679,194,3
2721,680,346,4
2722,681,2,2
2723,682,20,4
2724,683,41,7
2725,684,91,6
2726,685,282,7
2727,686,6,1
2728,687,275,10
2729,688,47,2
2730,689,389,3
2731,690,293,7
2732,691,368,5
2733,692,104,8
2734,693,364,9
2735,694,350,7
2736,695,34,9
2737,696,29,3
2738,697,164,5
2739,698,275,10
2740,699,184,3
2741,700,239,5
2742,701,164,9
2743,702,195,5
2744,703,161,6
2745,704,249,2
2746,705,157,8
2747,706,164,3
2748,707,112,2
2749,708,104,4
2750,709,6,3
2751,710,282,8
2752,711,194,9
2753,712,268,7
2754,713,20,1
2755,714,99,6
2756,715,167,3
2757,716,91,8
2758,717,34,3
2759,718,20,6
2760,719,249,4
2761,720,110,6
2762,721,91,1
2763,722,2,3
2764,723,368,4
2765,724,275,9
2766,725,275,5
2767,726,283,1
2768,727,99,8
2769,728,130,8
2770,729,47,4
2771,730,200,10
2772,731,368,2
2773,732,60,7
2774,733,161,6
2775,734,60,4
2776,735,275,10
2777,736,350,3
2778,737,34,9
2779,738,195,4
2780,739,88,7
2781,740,77,4
2782,741,195,2
2783,742,41,1
2784,743,200,5
2785,744,47,5
2786,745,370,10
2787,746,346,9
2788,747,164,8
2789,748,99,1
2790,749,200,1
2791,750,164,4
2792,751,249,8
2793,752,195,1
2794,753,6,5
2795,754,389,10
2796,755,161,4
2797,756,350,10
2798,757,365,6
2799,758,370,6
2800,759,60,8
2801,760,22,1
2802,761,91,2
2803,762,112,9
2804,763,368,7
2805,764,154,8
2806,765,105,6
2807,766,154,5
2808,767,200,1
2809,768,161,6
2810,769,84,7
2811,770,195,1
2812,771,243,8
2813,772,177,7
2814,773,91,6
2815,774,46,9
2816,775,290,3
2817,776,368,6
2818,777,282,1
2819,778,370,10
2820,779,177,10
2821,780,6,2
2822,781,246,6
2823,782,105,1
2824,783,46,9
2825,784,275,5
2826,785,130,1
2827,786,88,1
2828,787,177,6
2829,788,77,2
2830,789,283,2
2831,790,154,4
2832,791,239,7
2833,792,22,7
2834,793,60,5
2835,794,246,1
2836,795,105,10
2837,796,282,7
2838,797,283,1
2839,798,112,6
2840,799,60,9
2841,800,350,9
2842,801,246,4
2843,802,77,7
2844,803,75,7
2845,804,364,5
2846,805,195,2
2847,806,93,2
2848,807,239,6
2849,808,41,3
2850,809,243,7
2851,810,110,8
2852,811,110,9
2853,812,77,1
2854,813,130,3
2855,814,88,5
2856,815,41,6
2857,816,350,10
2858,817,29,2
2859,818,389,7
2860,819,370,3
2861,820,157,9
2862,821,88,9
2863,822,99,9
2864,823,77,9
2865,824,239,1
2866,825,99,1
2867,826,41,5
2868,827,47,5
2869,828,41,2
2870,829,175,2
2871,830,195,1
2872,831,177,8
2873,832,88,8
2874,833,34,3
2875,834,60,6
2876,835,60,2
2877,836,243,10
2878,837,20,5
2879,838,105,3
2880,839,91,1
2881,840,365,9
2882,841,88,9
2883,842,229,7
2884,843,88,5
2885,844,93,7
2886,845,75,8
2887,846,161,4
2888,847,290,5
2889,848,22,4
2890,849,154,6
2891,850,29,8
2892,851,283,2
2893,852,239,4
2894,853,84,3
2895,854,2,2
2896,855,246,6
2897,856,104,1
2898,857,287,4
2899,858,368,9
2900,859,46,10
2901,860,22,6
2902,861,389,6
2903,862,154,6
2904,863,194,9
2905,864,246,5
2906,865,177,6
2907,866,195,4
2908,867,287,8
2909,868,47,8
2910,869,194,3
2911,870,99,6
2912,871,52,1
2913,872,164,2
2914,873,293,7
2915,874,364,1
2916,875,104,3
2917,876,110,10
2918,877,84,2
2919,878,249,6
2920,879,99,3
2921,880,88,8
2922,881,283,7
2923,882,60,10
2924,883,112,3
2925,884,164,5
2926,885,157,7
2927,886,215,6
2928,887,268,3
2929,888,91,2
2930,889,177,1
2931,890,99,1
2932,891,77,4
2933,892,77,5
2934,893,77,3
2935,894,2,5
2936,895,154,5
2937,896,287,9
2938,897,239,8
2939,898,29,7
2940,899,275,1
2941,900,282,8
2942,901,215,7
2943,902,184,4
2944,903,350,7
2945,904,167,7
2946,905,184,1
2947,906,282,9
2948,907,287,7
2949,908,93,9
2950,909,229,7
2951,910,2,8
2952,911,93,9
2953,912,84,3
2954,913,346,3
2955,914,184,6
2956,915,177,8
2957,916,161,6
2958,917,154,3
2959,918,365,1
2960,919,104,3
2961,920,84,8
2962,921,112,4
2963,922,243,1
2964,923,154,7
2965,924,229,4
2966,925,370,10
2967,926,370,10
2968,927,293,8
2969,928,84,5
2970,929,194,7
2971,930,112,3
2972,931,130,5
2973,932,52,4
2974,933,161,7
2975,934,200,2
2976,935,370,1
2977,936,364,1
2978,937,29,1
2979,938,84,4
2980,939,370,9
2981,940,215,10
2982,941,275,8
2983,942,293,1
2984,943,75,1
2985,944,200,10
2986,945,290,9
2987,946,249,3
2988,947,293,6
2989,948,154,3
2990,949,194,10
2991,950,175,6
2992,951,20,9
2993,952,46,10
2994,953,130,8
2995,954,105,9
2996,955,370,2
2997,956,88,5
2998,957,184,8
2999,958,283,7
3000,959,157,9
3001,960,365,3
3002,961,293,1
3003,962,215,5
3004,963,52,9
3005,964,22,9
3006,965,29,7
3007,966,47,6
3008,967,6,6
3009,968,41,9
3010,969,88,5
3011,970,268,1
3012,971,275,4
3013,972,161,10
3014,973,350,2
3015,974,293,5
3016,975,287,2
3017,976,22,4
3018,977,249,3
3019,978,368,10
3020,979,60,7
3021,980,346,9
3022,981,91,1
3023,982,167,9
3024,983,22,4
3025,984,29,1
3026,985,200,1
3027,986,368,4
3028,987,22,3
3029,988,34,2
3030,989,157,5
3031,990,167,2
3032,991,195,9
3033,992,34,6
3034,993,154,1
3035,994,365,7
3036,995,161,5
3037,996,47,2
3038,997,6,6
3039,998,164,9
3040,999,229,7
3041,1000,157,6
3042,1001,104,3
3043,1002,293,9
3044,1003,350,8
3045,1004,175,6
3046,1005,2,5
3047,1006,350,4
3048,1007,365,6
3049,1008,215,8
3050,1009,91,4
3051,1010,91,2
3052,1011,105,4
3053,1012,287,3
3054,1013,243,4
3055,1014,110,7
3056,1015,41,1
3057,1016,99,8
3058,1017,20,2
3059,1018,175,7
3060,1019,215,1
3061,1020,246,6
3062,1021,283,5
